<resources>
    <string name="hello">Hello World, Main!</string>
    <string name="app_name">Web Fun</string>

    <string name="gameTitle">電腦猜拳遊戲</string>
    <string name="promptComPlay">電腦出拳：</string>
    <string name="promptMyPlay">玩家出拳：</string>
    <string name="playScissors">剪刀</string>
    <string name="playStone">石頭</string>
    <string name="playNet">布</string>
    <string name="playerWin">恭喜，你贏了！</string>
    <string name="playerLose">很可惜，你輸了！</string>
    <string name="playerDraw">雙方平手！</string>
    <string name="promptTitle">和電腦猜拳</string>
    <string name="result">判定輸贏：</string>
</resources>
